"Gene","Mutation","MutationType","Frequency"
"TP53","G>C","Substitution",38.1809472967871
"BRCA2","T>A","Insertion",11.7768282953184
"BRCA2","C>G","Insertion",40.1275713208597
"BRCA2","G>C","Substitution",83.2026632719208
"EGFR","G>C","Insertion",43.6186904083006
"EGFR","C>G","Insertion",36.0356741687283
"EGFR","C>G","Deletion",48.5911567842122
"BRCA2","G>C","Substitution",18.2558922460303
"BRCA1","T>A","Substitution",84.7332771848887
"TP53","C>G","Insertion",35.1760947643779
"BRCA2","A>T","Substitution",68.2157480276655
"BRCA1","T>A","Deletion",65.977793782251
"BRCA1","C>G","Deletion",47.4979775752872
"BRCA1","G>C","Insertion",72.8053554152139
"EGFR","G>C","Deletion",75.4824989254121
"BRCA2","C>G","Substitution",59.9273004529532
"TP53","G>C","Deletion",65.2960128628183
"BRCA1","G>C","Substitution",34.4099455177784
"BRCA2","A>T","Substitution",52.4537030044012
"TP53","A>T","Insertion",89.4151797597297
"BRCA1","G>C","Substitution",24.9103963891976
"EGFR","T>A","Deletion",19.3848291672766
"EGFR","T>A","Deletion",85.028973858105
"TP53","C>G","Deletion",95.8848292573821
"EGFR","G>C","Insertion",23.4174069808796
"EGFR","T>A","Deletion",1.99483951274306
"TP53","C>G","Deletion",80.8908320132177
"BRCA2","G>C","Insertion",15.98054273054
"EGFR","T>A","Substitution",90.3195719763171
"EGFR","A>T","Deletion",19.8823601410259
"BRCA1","T>A","Insertion",90.6613608649932
"BRCA2","C>G","Substitution",27.3550405360293
"BRCA2","T>A","Insertion",72.0384175279178
"BRCA2","G>C","Insertion",89.736757558072
"EGFR","G>C","Substitution",29.7959469030611
"TP53","T>A","Insertion",18.7269612287637
"BRCA1","A>T","Deletion",11.8811882515438
"EGFR","G>C","Deletion",77.640327907633
"BRCA1","C>G","Substitution",86.1920402923133
"TP53","T>A","Deletion",91.8644834652077
"BRCA2","G>C","Deletion",63.3654008910526
"BRCA2","C>G","Substitution",11.3356820195913
"BRCA1","C>G","Insertion",5.10379482991993
"TP53","G>C","Deletion",40.8011541019659
"BRCA1","G>C","Substitution",48.0339406186249
"EGFR","A>T","Substitution",82.6649320912547
"BRCA1","G>C","Deletion",26.1172444603872
"BRCA2","C>G","Deletion",65.4629082414322
"BRCA2","C>G","Substitution",59.158850378124
"BRCA2","C>G","Insertion",21.8233012221754
"TP53","G>C","Deletion",89.8284104736522
"BRCA1","G>C","Deletion",29.5301393296104
"EGFR","G>C","Insertion",40.9575183589477
"EGFR","C>G","Deletion",29.8919577880297
"EGFR","T>A","Insertion",43.7019454552792
"TP53","C>G","Insertion",38.615343242418
"EGFR","A>T","Deletion",67.7115406459197
"BRCA2","T>A","Deletion",53.6076254339423
"BRCA2","C>G","Insertion",68.4401578884572
"BRCA2","T>A","Insertion",53.7301461391617
"TP53","G>C","Deletion",54.4166161906905
"BRCA2","T>A","Substitution",21.8594676381908
"EGFR","G>C","Deletion",87.5312082993332
"BRCA2","T>A","Deletion",41.2402931172401
"EGFR","G>C","Insertion",23.9546715787146
"BRCA1","C>G","Deletion",89.7723353402689
"EGFR","T>A","Deletion",95.6161572313868
"BRCA1","C>G","Deletion",62.6630910877138
"EGFR","A>T","Insertion",68.7076241797768
"BRCA2","T>A","Deletion",98.1672914065421
"TP53","A>T","Substitution",25.9465368497185
"BRCA2","C>G","Deletion",65.6790367064532
"EGFR","C>G","Substitution",34.1828924866859
"EGFR","G>C","Deletion",75.4264096622355
"EGFR","A>T","Substitution",99.7187144712079
"BRCA1","T>A","Substitution",97.4692643135786
"BRCA2","G>C","Deletion",53.7732563919853
"TP53","A>T","Deletion",67.3103297068737
"EGFR","T>A","Deletion",98.6310054745991
"TP53","C>G","Substitution",42.720745134633
"EGFR","A>T","Substitution",48.3062517233193
"BRCA2","C>G","Insertion",82.4758921226021
"TP53","C>G","Deletion",37.7332613009494
"TP53","A>T","Insertion",93.9593092435971
"BRCA2","C>G","Deletion",81.9823187126312
"TP53","G>C","Insertion",13.736558267381
"TP53","G>C","Substitution",34.1706412874628
"BRCA2","A>T","Insertion",26.9907889179885
"TP53","A>T","Deletion",37.4628828661516
"BRCA1","G>C","Deletion",56.857501121005
"TP53","G>C","Substitution",10.0354627531487
"EGFR","T>A","Deletion",77.3551278498489
"BRCA1","C>G","Substitution",91.1439836851787
"BRCA2","C>G","Substitution",90.1236724886112
"EGFR","C>G","Insertion",5.53008774248883
"BRCA2","T>A","Deletion",83.7866988684982
"BRCA2","G>C","Substitution",57.4314246491995
"EGFR","A>T","Deletion",39.8459748444147
"EGFR","A>T","Deletion",24.2727781501599
"TP53","A>T","Deletion",79.1718854510691
"EGFR","C>G","Substitution",9.1926303578075
"BRCA1","T>A","Insertion",41.0206405019853
"BRCA1","T>A","Insertion",39.767634937074
"TP53","T>A","Insertion",42.0344769801013
"BRCA2","G>C","Insertion",96.6427420100663
"BRCA1","T>A","Insertion",59.4749888975639
"BRCA1","G>C","Insertion",72.2735432118643
"BRCA2","G>C","Substitution",25.1822119369172
"TP53","G>C","Insertion",75.1553581606131
"TP53","T>A","Insertion",25.753959200345
"BRCA2","C>G","Insertion",34.0516977941152
"BRCA2","T>A","Insertion",6.92988521722145
"EGFR","A>T","Substitution",94.3925981095526
"BRCA2","A>T","Insertion",5.7574116368778
"BRCA1","G>C","Substitution",77.0154736663681
"EGFR","C>G","Substitution",71.14716180088
"BRCA2","A>T","Deletion",86.1769028119743
"TP53","T>A","Insertion",13.2599134100601
"EGFR","C>G","Deletion",37.6710027349181
"BRCA1","T>A","Deletion",42.4400029690005
"EGFR","T>A","Insertion",13.6756019704044
"BRCA2","C>G","Deletion",51.9902558350004
"EGFR","A>T","Insertion",69.4511823533103
"TP53","T>A","Substitution",45.9068126576021
"TP53","T>A","Insertion",13.5378219643608
"TP53","G>C","Deletion",51.956441280432
"BRCA1","T>A","Insertion",4.89117680024356
"BRCA2","C>G","Deletion",93.8124108877964
"EGFR","A>T","Insertion",49.044416349614
"BRCA2","T>A","Deletion",46.7903162222356
"BRCA2","C>G","Substitution",57.8764035794884
"BRCA1","A>T","Deletion",59.2123168935068
"TP53","T>A","Deletion",50.7506563782226
"BRCA1","G>C","Deletion",52.3444130180869
"BRCA1","G>C","Substitution",45.3139082761481
"TP53","G>C","Deletion",70.1266207012814
"BRCA1","A>T","Substitution",76.5228657845873
"EGFR","C>G","Deletion",31.7253240046557
"BRCA1","T>A","Deletion",74.7517386104446
"BRCA2","G>C","Substitution",43.6408830580767
"BRCA1","G>C","Substitution",45.6598640938755
"BRCA2","T>A","Deletion",10.2245904048905
"BRCA2","C>G","Insertion",59.308645410696
"EGFR","A>T","Insertion",28.8652786877938
"BRCA2","G>C","Deletion",96.7212056741118
"BRCA1","T>A","Substitution",56.8887842297554
"BRCA2","G>C","Deletion",25.2278313459828
"TP53","A>T","Insertion",72.9705082883593
"BRCA1","C>G","Deletion",80.6529870701488
"BRCA2","G>C","Deletion",74.2993474164978
"TP53","C>G","Deletion",5.05252841324545
"TP53","T>A","Deletion",84.6461346007418
"TP53","A>T","Substitution",15.8265613375697
"TP53","T>A","Insertion",72.677039696835
"TP53","C>G","Insertion",26.6976459801663
"TP53","C>G","Insertion",28.6445775404572
"BRCA1","T>A","Deletion",40.1439009823371
"BRCA1","T>A","Insertion",7.55394872021861
"EGFR","C>G","Insertion",62.4716195729561
"EGFR","G>C","Deletion",4.87114587053657
"BRCA1","C>G","Insertion",49.8150723318104
"BRCA1","G>C","Deletion",33.3864031855483
"EGFR","A>T","Deletion",6.97530706273392
"BRCA2","A>T","Insertion",22.4050290754531
"EGFR","T>A","Insertion",9.6108106484171
"BRCA1","C>G","Insertion",87.6943339044228
"EGFR","A>T","Substitution",59.8991648766678
"BRCA1","A>T","Insertion",5.30003642919473
"BRCA1","C>G","Deletion",73.338689325843
"TP53","C>G","Substitution",92.2532388416585
"EGFR","C>G","Substitution",65.2544371562544
"BRCA1","T>A","Substitution",6.54425973980688
"BRCA2","A>T","Deletion",8.69453283236362
"TP53","G>C","Insertion",89.2929538669996
"TP53","A>T","Insertion",96.1248885442037
"BRCA2","C>G","Insertion",51.6959508657455
"BRCA1","G>C","Insertion",45.7790772749577
"EGFR","T>A","Substitution",1.23469960037619
"BRCA1","G>C","Substitution",88.9915109549183
"TP53","C>G","Substitution",16.6615274948999
"EGFR","C>G","Insertion",95.8267850116827
"BRCA2","G>C","Deletion",66.2248933250085
"EGFR","A>T","Substitution",54.1762596711051
"BRCA2","T>A","Substitution",95.2444367152639
"BRCA1","A>T","Deletion",67.8816179018468
"BRCA2","C>G","Deletion",93.2560641309246
"BRCA1","C>G","Substitution",58.8675925575662
"TP53","T>A","Insertion",53.6723299755249
"TP53","C>G","Deletion",59.2990622068755
"EGFR","C>G","Substitution",85.075922435848
"BRCA2","T>A","Substitution",63.7608881343622
"BRCA1","T>A","Substitution",63.1035608390812
"EGFR","A>T","Substitution",85.1938546462916
"TP53","C>G","Insertion",12.0431574955583
"TP53","C>G","Deletion",47.0494414868299
"BRCA1","A>T","Substitution",33.6472794841975
"TP53","C>G","Deletion",79.8603879569564
"TP53","A>T","Deletion",97.8917628119234
"BRCA2","A>T","Insertion",27.0666823196225
"BRCA1","C>G","Substitution",35.6292003311682
"BRCA2","C>G","Insertion",34.6750490448903
"BRCA1","A>T","Substitution",72.3993757746648
"BRCA2","A>T","Substitution",8.65755622368306
"BRCA1","G>C","Insertion",44.0593983607832
"EGFR","C>G","Substitution",85.661192441592
"BRCA1","A>T","Deletion",79.5114505453967
"EGFR","T>A","Substitution",79.6698128657881
"BRCA2","G>C","Insertion",84.8710188122932
"BRCA1","A>T","Insertion",61.8247201112099
"TP53","A>T","Insertion",79.8041560128331
"EGFR","A>T","Insertion",47.0949889100157
"TP53","G>C","Insertion",72.8155847631861
"BRCA2","A>T","Insertion",33.3611984464806
"BRCA1","T>A","Substitution",13.4677297302987
"TP53","G>C","Deletion",45.9241560914088
"EGFR","C>G","Substitution",57.1263579637744
"EGFR","A>T","Substitution",6.54614119208418
"TP53","G>C","Insertion",34.1159934245516
"TP53","T>A","Substitution",43.292531560408
"EGFR","C>G","Insertion",48.0126859520096
"EGFR","A>T","Deletion",58.4602944436483
"EGFR","G>C","Substitution",8.81353196897544
"BRCA2","G>C","Deletion",99.4310622834601
"BRCA2","A>T","Insertion",32.0727557288483
"BRCA2","T>A","Substitution",85.1241427641362
"BRCA1","C>G","Deletion",36.0700368809048
"EGFR","T>A","Substitution",20.5432700649835
"EGFR","C>G","Insertion",89.2522278612014
"BRCA2","A>T","Substitution",77.152928548865
"EGFR","C>G","Insertion",27.6160256548319
"BRCA2","T>A","Insertion",59.7494881378952
"TP53","A>T","Substitution",69.142025081208
"BRCA1","G>C","Insertion",31.8565281939227
"BRCA1","G>C","Insertion",75.0698508291971
"TP53","T>A","Deletion",85.1203879502136
"BRCA2","A>T","Substitution",29.3003571969457
"BRCA1","C>G","Substitution",18.2772599970922
"EGFR","G>C","Substitution",19.1410080131609
"BRCA2","C>G","Insertion",24.103775012074
"BRCA2","T>A","Substitution",30.8744053337723
"BRCA2","A>T","Deletion",24.6760462073144
"TP53","T>A","Deletion",58.393947181059
"BRCA1","C>G","Insertion",13.055939771235
"EGFR","G>C","Insertion",69.7847447518725
"BRCA2","C>G","Deletion",13.2655742478091
"BRCA2","C>G","Insertion",37.1600906164385
"EGFR","G>C","Insertion",56.8551398550626
"BRCA1","T>A","Insertion",63.6881799753755
"BRCA2","A>T","Deletion",27.3790036051068
"EGFR","C>G","Insertion",90.470451061381
"BRCA2","A>T","Insertion",26.3781436479185
"BRCA2","G>C","Substitution",46.4149529624265
"BRCA2","A>T","Insertion",52.5656150470022
"EGFR","G>C","Substitution",65.094987233635
"TP53","A>T","Deletion",33.1855738982558
"BRCA1","C>G","Substitution",35.1200170493685
"EGFR","A>T","Substitution",5.31173310894519
"BRCA2","A>T","Insertion",68.0289697479457
"BRCA1","G>C","Deletion",61.5433207603637
"EGFR","A>T","Deletion",90.1599746013526
"BRCA1","G>C","Substitution",3.93561246548779
"EGFR","T>A","Deletion",2.9309506257996
"BRCA1","T>A","Deletion",39.2880142715294
"BRCA2","T>A","Deletion",87.2690432851668
"BRCA1","G>C","Deletion",89.8661602332722
"BRCA2","G>C","Substitution",41.2464886973612
"BRCA2","C>G","Insertion",73.3893143697642
"BRCA1","T>A","Substitution",98.4756481440272
"BRCA1","A>T","Substitution",91.2524649079423
"EGFR","G>C","Substitution",70.6584211720619
"BRCA2","A>T","Insertion",54.1708684519399
"EGFR","G>C","Substitution",16.6345315221697
"TP53","G>C","Insertion",23.1863779919222
"BRCA1","C>G","Substitution",11.8569710997399
"BRCA1","C>G","Deletion",77.4564844528213
"EGFR","G>C","Insertion",64.8234096795786
"BRCA1","A>T","Deletion",81.5452951556072
"BRCA2","A>T","Deletion",84.6352598923258
"EGFR","A>T","Deletion",71.1776854735799
"EGFR","C>G","Substitution",12.7414303270634
"EGFR","A>T","Insertion",52.1359647295903
"BRCA2","G>C","Insertion",9.89653597492725
"BRCA1","G>C","Deletion",83.5191205991432
"TP53","A>T","Substitution",13.9123815547209
"BRCA2","C>G","Insertion",6.86457016714849
"EGFR","A>T","Insertion",87.1731224344112
"BRCA2","T>A","Deletion",13.6769327295478
"BRCA1","A>T","Insertion",41.9478944474831
"EGFR","C>G","Substitution",28.7809669028502
"BRCA2","A>T","Substitution",68.2838930240832
"BRCA1","T>A","Insertion",22.9442742876709
"EGFR","C>G","Substitution",65.128030319931
"TP53","A>T","Insertion",27.1232991334982
"TP53","T>A","Insertion",20.5057875728235
"EGFR","C>G","Insertion",66.9886457161047
"TP53","A>T","Insertion",30.5683772922494
"BRCA1","C>G","Substitution",31.7219307566993
"BRCA1","G>C","Substitution",78.098620191915
"EGFR","G>C","Insertion",96.9368120052386
"BRCA1","G>C","Insertion",61.341861348832
"TP53","T>A","Substitution",44.5737117948011
"EGFR","G>C","Deletion",99.8084726575762
"TP53","T>A","Substitution",2.66543021216057
"BRCA2","G>C","Substitution",2.94298925576732
"BRCA1","G>C","Substitution",11.2757800633553
"BRCA1","G>C","Substitution",29.7390072245616
"BRCA1","G>C","Substitution",88.8738556699827
"BRCA2","A>T","Insertion",52.6602470208891
"BRCA2","A>T","Substitution",37.5611401807982
"BRCA2","T>A","Substitution",82.062315586023
"EGFR","T>A","Deletion",82.2288244813681
"EGFR","C>G","Deletion",64.3773327975068
"BRCA1","T>A","Deletion",5.55298637482338
"TP53","G>C","Substitution",50.3612735974602
"TP53","A>T","Insertion",5.63663585740142
"BRCA2","C>G","Deletion",35.7392658425961
"BRCA1","T>A","Deletion",13.8051574917044
"EGFR","T>A","Substitution",68.8516264581122
"EGFR","T>A","Deletion",88.468774020439
"BRCA2","G>C","Deletion",10.1420521049295
"BRCA1","T>A","Deletion",55.9214648290072
"EGFR","C>G","Substitution",11.0974662674125
"EGFR","A>T","Substitution",41.0316463431809
"EGFR","C>G","Deletion",70.4100200748071
"BRCA1","G>C","Insertion",87.0118497454096
"EGFR","C>G","Insertion",39.1341922709253
"BRCA2","G>C","Deletion",5.40739819430746
"BRCA2","T>A","Deletion",20.7261387945618
"EGFR","A>T","Substitution",35.7347853842657
"BRCA2","A>T","Deletion",73.1842296635732
"EGFR","T>A","Insertion",8.72465872718021
"BRCA1","G>C","Insertion",37.1972727640532
"BRCA2","C>G","Deletion",18.4741785817314
"TP53","G>C","Substitution",43.2946467651054
"TP53","C>G","Deletion",22.7842952930368
"TP53","G>C","Deletion",53.1373500016052
"EGFR","G>C","Substitution",14.3387912858743
"TP53","A>T","Substitution",20.1926042777486
"TP53","C>G","Deletion",70.8012128060218
"BRCA1","T>A","Substitution",8.19264280586503
"BRCA2","G>C","Insertion",75.168707703473
"EGFR","T>A","Substitution",23.3557341443375
"BRCA1","T>A","Insertion",69.7842746193055
"BRCA2","C>G","Deletion",71.1214618736412
"EGFR","C>G","Substitution",43.1467021361459
"BRCA2","G>C","Insertion",78.5284742042422
"EGFR","G>C","Deletion",41.2987526359502
"EGFR","G>C","Substitution",47.4809966986068
"BRCA1","A>T","Substitution",51.9589256576728
"BRCA1","G>C","Insertion",6.57894296548329
"EGFR","G>C","Substitution",75.8902155163232
"TP53","T>A","Deletion",27.9172740229405
"BRCA2","T>A","Insertion",23.8478520011995
"TP53","T>A","Substitution",68.8749431755859
"BRCA2","C>G","Substitution",13.475166680757
"EGFR","G>C","Insertion",15.1544747471344
"EGFR","T>A","Deletion",76.0455155209638
"BRCA2","A>T","Insertion",30.6945007720497
"BRCA1","T>A","Substitution",2.29386422480457
"BRCA2","A>T","Substitution",40.783346229
"BRCA1","T>A","Deletion",20.3693597165402
"BRCA2","G>C","Substitution",50.4449695954099
"EGFR","T>A","Insertion",37.2514903713018
"BRCA2","C>G","Insertion",83.2706577503122
"TP53","T>A","Substitution",10.2059108181857
"BRCA2","A>T","Substitution",19.9622960695997
"BRCA1","T>A","Insertion",18.1801499617286
"BRCA1","C>G","Deletion",30.1658368157223
"EGFR","A>T","Deletion",14.4821872047614
"BRCA1","A>T","Deletion",35.142922781175
"TP53","T>A","Substitution",40.4719171489123
"BRCA2","A>T","Deletion",64.0200322770979
"EGFR","G>C","Insertion",49.8987346303184
"EGFR","A>T","Deletion",67.9646603334695
"BRCA1","G>C","Deletion",11.7297253040597
"TP53","G>C","Insertion",63.3929955475032
"BRCA1","G>C","Insertion",64.9623248404823
"EGFR","A>T","Substitution",39.4815718324389
"EGFR","A>T","Deletion",90.996357195545
"EGFR","A>T","Deletion",80.6721942306031
"TP53","G>C","Substitution",6.70766466762871
"EGFR","A>T","Deletion",18.9055117736571
"TP53","A>T","Substitution",88.7178663481027
"TP53","G>C","Deletion",23.2968026720919
"TP53","G>C","Deletion",32.364798479015
"EGFR","C>G","Deletion",82.3710766476579
"BRCA2","T>A","Insertion",12.0000070200767
"EGFR","G>C","Deletion",72.238668369595
"BRCA1","A>T","Insertion",58.0281413088087
"TP53","C>G","Insertion",70.5916563083883
"BRCA2","T>A","Deletion",6.49648264446296
"EGFR","A>T","Deletion",89.0220136519056
"BRCA1","A>T","Deletion",68.9171464708634
"BRCA1","T>A","Substitution",22.1174559730571
"TP53","T>A","Deletion",21.0891969176009
"EGFR","C>G","Insertion",84.3205189316068
"EGFR","C>G","Deletion",57.8783269140404
"BRCA1","T>A","Substitution",83.5922393288929
"BRCA1","G>C","Deletion",43.383270626422
"BRCA2","T>A","Deletion",95.0273944467772
"BRCA2","C>G","Substitution",5.97872709599324
"BRCA2","A>T","Insertion",74.9565340592526
"BRCA2","A>T","Insertion",33.2405670767184
"TP53","T>A","Substitution",38.388900235761
"EGFR","A>T","Substitution",99.496365693165
"BRCA2","G>C","Substitution",13.6682347469032
"BRCA2","C>G","Insertion",26.9081725929864
"BRCA1","G>C","Deletion",41.6976150097325
"TP53","A>T","Insertion",90.2437297923025
"EGFR","T>A","Substitution",97.9719554970507
"EGFR","G>C","Insertion",18.4531449668575
"EGFR","G>C","Insertion",88.4338537000585
"BRCA2","T>A","Insertion",94.9861204908229
"BRCA2","T>A","Insertion",94.3569862591103
"TP53","C>G","Deletion",21.4705237108283
"EGFR","T>A","Insertion",63.0548738818616
"BRCA1","G>C","Deletion",30.311389475828
"BRCA1","C>G","Insertion",51.8218527405988
"BRCA1","C>G","Deletion",32.9673391489778
"BRCA2","C>G","Substitution",57.0009753184859
"TP53","A>T","Deletion",48.3860455011018
"TP53","C>G","Substitution",2.80202513653785
"TP53","C>G","Insertion",12.6724829520099
"TP53","G>C","Substitution",54.0989875658415
"EGFR","C>G","Insertion",24.7119212453254
"EGFR","A>T","Insertion",8.22876450442709
"EGFR","T>A","Deletion",20.8589643603191
"BRCA1","C>G","Deletion",4.02732810075395
"EGFR","C>G","Insertion",73.2758685876615
"BRCA2","A>T","Substitution",98.2951223554555
"BRCA1","C>G","Insertion",71.2123768359888
"EGFR","G>C","Insertion",62.7646581393201
"EGFR","G>C","Insertion",71.8204835611396
"BRCA2","C>G","Deletion",86.5566853317432
"TP53","G>C","Insertion",23.2915670881048
"TP53","T>A","Substitution",54.1947884862311
"EGFR","T>A","Insertion",59.9657094492577
"EGFR","T>A","Insertion",72.0810726999771
"BRCA1","A>T","Insertion",14.5453849756159
"BRCA1","A>T","Substitution",4.38881030236371
"BRCA2","T>A","Deletion",17.943589308532
"BRCA1","A>T","Substitution",99.0642477560323
"BRCA1","A>T","Insertion",98.8472416533623
"EGFR","G>C","Insertion",37.0352370431647
"TP53","C>G","Deletion",89.7651944700629
"BRCA1","G>C","Insertion",48.378789172275
"EGFR","T>A","Substitution",74.5510247356724
"TP53","A>T","Insertion",66.6041744791437
"EGFR","T>A","Substitution",59.6213611317798
"BRCA1","A>T","Deletion",36.5926105966792
"BRCA1","T>A","Insertion",71.1999891102314
"BRCA2","C>G","Insertion",48.1369177221786
"BRCA2","A>T","Substitution",18.104350282345
"TP53","A>T","Substitution",59.91908290633
"TP53","G>C","Substitution",57.5623697307892
"EGFR","T>A","Substitution",77.9898486284073
"BRCA1","A>T","Deletion",26.8134388062172
"BRCA1","C>G","Substitution",47.7668303842656
"BRCA2","T>A","Substitution",68.3784277951345
"TP53","T>A","Substitution",4.3636074764654
"EGFR","C>G","Deletion",18.012611689046
"EGFR","C>G","Substitution",97.9616108979098
"BRCA1","C>G","Insertion",20.3568688179366
"BRCA2","T>A","Substitution",50.1082501676865
"EGFR","T>A","Insertion",75.6378226948436
"BRCA2","G>C","Deletion",32.9725951785222
"EGFR","G>C","Substitution",20.7098219720647
"BRCA1","G>C","Insertion",84.1038022476714
"BRCA1","T>A","Substitution",92.2886387913022
"TP53","G>C","Substitution",96.5704498616979
"TP53","A>T","Insertion",77.3623708095402
"EGFR","C>G","Insertion",95.7627782467753
"EGFR","A>T","Insertion",28.5375122474506
"TP53","T>A","Deletion",31.1937979699578
"EGFR","A>T","Deletion",80.9725480421912
"TP53","A>T","Insertion",49.0970290843397
"EGFR","A>T","Insertion",50.6472619962879
"TP53","T>A","Substitution",38.8011488253251
"TP53","T>A","Substitution",72.6226860932074
"BRCA1","T>A","Insertion",12.6622066507116
"TP53","G>C","Deletion",69.3701948269736
"BRCA1","G>C","Substitution",63.2560982040595
"EGFR","T>A","Deletion",53.4673543199897
"BRCA2","G>C","Deletion",56.9384195196908
"TP53","G>C","Insertion",15.330315068597
"EGFR","A>T","Substitution",45.5280653238297
"BRCA2","C>G","Substitution",14.7159847572912
"EGFR","T>A","Insertion",11.2779280915856
"BRCA2","G>C","Substitution",61.9642135102767
"BRCA2","C>G","Substitution",28.1638904327992
"TP53","A>T","Substitution",58.230709690135
"BRCA1","C>G","Substitution",14.6875512797851
"BRCA1","C>G","Deletion",91.0119389921892
"BRCA1","T>A","Deletion",7.74830884416588
"TP53","A>T","Deletion",31.7335979552008
"BRCA2","A>T","Deletion",48.6495683814865
"TP53","G>C","Insertion",29.6814642061945
"EGFR","G>C","Insertion",19.223870883463
"BRCA2","G>C","Deletion",17.9438201566227
"EGFR","G>C","Substitution",49.0424441255163
"BRCA2","A>T","Substitution",88.7128849851433
"BRCA2","G>C","Insertion",6.72745541390032
"TP53","T>A","Insertion",11.8874070202
"BRCA1","T>A","Insertion",37.1316869428847
"BRCA2","G>C","Deletion",34.8255527568981
"TP53","C>G","Deletion",12.7791361068375
"BRCA2","T>A","Deletion",12.3984234640375
"BRCA2","C>G","Substitution",96.1202346098144
"TP53","G>C","Deletion",32.8648111331277
"TP53","A>T","Deletion",65.916808165377
"EGFR","T>A","Insertion",85.5340148976538
"BRCA2","T>A","Substitution",83.3930898273829
"BRCA2","G>C","Substitution",91.1344187832437
"BRCA1","T>A","Insertion",42.3801570248324
"EGFR","G>C","Insertion",44.8027146451641
"EGFR","A>T","Substitution",25.367590952199
"TP53","A>T","Insertion",28.2116473361384
"BRCA1","G>C","Deletion",27.7210403759964
"EGFR","T>A","Insertion",75.3795332317241
"TP53","C>G","Insertion",99.1651559628081
"BRCA2","A>T","Insertion",43.1018411719706
"BRCA1","G>C","Deletion",72.5319750793278
"TP53","A>T","Deletion",46.1114023139235
"BRCA1","G>C","Deletion",53.6006335834973
"BRCA2","T>A","Insertion",32.516856007278
"EGFR","A>T","Insertion",12.4961327824276
"EGFR","C>G","Insertion",31.7258661231026
"TP53","T>A","Insertion",53.9387765475549
"TP53","A>T","Substitution",48.6885698148981
"TP53","G>C","Substitution",44.7413242431358
"BRCA2","C>G","Insertion",97.5978635728825
"BRCA1","G>C","Substitution",40.0598299570847
"TP53","C>G","Substitution",82.7960008834489
"EGFR","A>T","Substitution",56.9523162520491
"EGFR","C>G","Deletion",94.7470880227629
"EGFR","A>T","Substitution",99.3229896491393
"BRCA2","G>C","Substitution",88.4802108318545
"EGFR","C>G","Substitution",59.3797747208737
"BRCA1","C>G","Deletion",83.225193815073
"TP53","A>T","Insertion",91.5831915054005
"BRCA2","T>A","Insertion",33.7767274761572
"TP53","A>T","Deletion",49.5441137917805
"EGFR","A>T","Deletion",48.7002042820677
"BRCA2","T>A","Deletion",20.1113992724568
"TP53","T>A","Insertion",10.762016400462
"TP53","G>C","Deletion",92.3221224136651
"TP53","T>A","Insertion",50.8987802457996
"TP53","C>G","Substitution",69.4903068288695
"BRCA1","C>G","Deletion",74.0420271465555
"BRCA1","C>G","Substitution",56.1731622249354
"BRCA1","C>G","Deletion",88.0342136574909
"EGFR","A>T","Insertion",2.09258877718821
"BRCA2","A>T","Insertion",88.3899324939121
"TP53","G>C","Insertion",66.9494164541829
"BRCA2","C>G","Deletion",29.2956469738856
"TP53","G>C","Insertion",42.4059036979452
"EGFR","T>A","Insertion",49.7071230392903
"EGFR","A>T","Insertion",50.6555424700491
"BRCA1","C>G","Insertion",95.3982568257488
"BRCA1","T>A","Insertion",16.0230786867905
"TP53","C>G","Deletion",25.9852334437892
"EGFR","A>T","Insertion",73.1047502679285
"BRCA1","C>G","Deletion",71.3164257293101
"BRCA1","T>A","Deletion",81.9409985179082
"TP53","A>T","Deletion",67.4754228338134
"BRCA2","T>A","Substitution",34.8524483458605
"BRCA2","T>A","Deletion",29.729902520543
"BRCA1","T>A","Deletion",96.8064423727337
"EGFR","G>C","Insertion",86.0232292318251
"TP53","G>C","Substitution",48.316759725567
"EGFR","A>T","Deletion",69.2960908380337
"EGFR","T>A","Insertion",67.6620935841929
"BRCA2","T>A","Substitution",57.1600300448481
"TP53","G>C","Substitution",87.6378756531049
"BRCA2","A>T","Insertion",18.1414011127781
"TP53","G>C","Substitution",34.3260885600466
"TP53","G>C","Insertion",36.1285089158919
"TP53","G>C","Deletion",16.6120962225832
"TP53","A>T","Deletion",2.2934390862938
"BRCA1","A>T","Substitution",37.0547378866468
"TP53","T>A","Insertion",16.5016183655243
"TP53","A>T","Deletion",72.0137670086697
"TP53","C>G","Insertion",56.9779720611405
"BRCA1","T>A","Deletion",29.5812783706933
"EGFR","A>T","Substitution",38.1394905985799
"TP53","C>G","Insertion",5.80831699469127
"BRCA2","A>T","Deletion",68.4639143352397
"BRCA2","C>G","Substitution",88.0790615982842
"BRCA2","T>A","Insertion",36.5983014688827
"EGFR","A>T","Deletion",43.8910038410686
"BRCA1","C>G","Deletion",28.5178853883408
"TP53","A>T","Deletion",44.3814929684158
"TP53","C>G","Substitution",96.6309449926484
"BRCA1","C>G","Substitution",91.7873684011865
"TP53","C>G","Deletion",10.5786658518482
"BRCA2","C>G","Substitution",10.3360831637401
"BRCA2","T>A","Insertion",69.9577170710545
"BRCA1","G>C","Insertion",16.6470179029275
"TP53","A>T","Insertion",80.2495519910008
"BRCA2","G>C","Deletion",82.6598774055019
"TP53","G>C","Deletion",29.3696620119736
"BRCA1","C>G","Insertion",16.3623958758544
"BRCA1","A>T","Substitution",96.8821209922899
"EGFR","T>A","Substitution",34.3815596159548
"TP53","C>G","Deletion",76.1877743487712
"EGFR","G>C","Insertion",61.0903839673847
"TP53","G>C","Substitution",70.998612863943
"EGFR","G>C","Deletion",67.7982540116645
"BRCA1","A>T","Deletion",54.8925124916714
"TP53","C>G","Insertion",71.9859590684064
"TP53","T>A","Insertion",47.1875024060719
"BRCA2","C>G","Substitution",60.3559480851982
"TP53","T>A","Deletion",32.5154613759369
"TP53","T>A","Substitution",93.2807997977361
"BRCA2","A>T","Deletion",53.6770822652616
"BRCA2","A>T","Deletion",39.1202867794782
"BRCA2","C>G","Insertion",69.4689309641253
"BRCA1","C>G","Substitution",61.6596858776174
"BRCA1","G>C","Insertion",68.0638995419722
"TP53","G>C","Deletion",65.9195345470216
"EGFR","C>G","Insertion",11.5775117718149
"BRCA2","A>T","Deletion",30.5471576158889
"BRCA2","G>C","Insertion",76.1509234330151
"BRCA2","C>G","Deletion",99.9220527994912
"TP53","A>T","Deletion",80.5468083582819
"BRCA2","C>G","Deletion",33.6505468548276
"BRCA1","A>T","Insertion",38.9589453085791
"EGFR","C>G","Substitution",21.5339362407103
"TP53","T>A","Substitution",20.1792002210859
"BRCA2","C>G","Deletion",86.6511837986764
"EGFR","G>C","Substitution",53.4530802553054
"BRCA1","C>G","Insertion",21.6496586713474
"BRCA2","G>C","Insertion",54.0785678247921
"BRCA1","C>G","Substitution",70.7557034387719
"BRCA2","A>T","Insertion",76.767881447915
"BRCA1","A>T","Insertion",78.952167811105
"BRCA2","G>C","Insertion",41.8215508379508
"EGFR","G>C","Deletion",50.4721588904504
"BRCA1","A>T","Deletion",18.0821824346203
"EGFR","T>A","Deletion",58.0281122655142
"EGFR","T>A","Substitution",2.71338142897002
"EGFR","G>C","Insertion",1.67747596558183
"TP53","T>A","Substitution",52.4201390058734
"BRCA2","T>A","Deletion",97.2466486829799
"TP53","T>A","Insertion",36.541170542594
"BRCA2","G>C","Deletion",1.08811479690485
"BRCA1","T>A","Deletion",9.94091175473295
"BRCA2","T>A","Insertion",29.4187501124106
"BRCA2","A>T","Deletion",65.5433854586445
"TP53","T>A","Deletion",51.4441778189503
"BRCA1","T>A","Insertion",40.386368465377
"BRCA2","G>C","Insertion",65.812042017933
"EGFR","T>A","Deletion",12.4127424305771
"TP53","A>T","Deletion",33.3205320255365
"TP53","C>G","Substitution",88.1680563378613
"BRCA1","G>C","Insertion",87.5799170390237
"TP53","T>A","Deletion",78.3335111322813
"EGFR","G>C","Substitution",75.0467749636155
"BRCA2","G>C","Insertion",66.4710077699274
"BRCA2","G>C","Substitution",36.960774784442
"EGFR","A>T","Insertion",1.78256458579563
"BRCA2","A>T","Substitution",92.0637432159856
"BRCA1","G>C","Substitution",33.2512385281734
"TP53","G>C","Deletion",74.8885822468437
"TP53","T>A","Deletion",48.1640517197084
"EGFR","A>T","Substitution",10.2900758653414
"TP53","T>A","Substitution",7.15326240449212
"BRCA2","A>T","Substitution",53.8860637978651
"BRCA1","C>G","Substitution",62.7153427866288
"BRCA2","A>T","Substitution",96.0636970195919
"TP53","G>C","Insertion",32.5878464397974
"TP53","T>A","Deletion",61.1360537412111
"BRCA1","C>G","Deletion",26.6063408695627
"EGFR","G>C","Insertion",4.43744456674904
"EGFR","G>C","Insertion",69.5585087824147
"TP53","C>G","Deletion",31.7417068430223
"EGFR","C>G","Substitution",3.91490420466289
"TP53","C>G","Insertion",38.3829969787039
"TP53","T>A","Insertion",72.0022005627397
"TP53","G>C","Substitution",26.4308988100383
"EGFR","C>G","Deletion",95.366706703091
"TP53","A>T","Substitution",14.8990687991027
"EGFR","A>T","Insertion",35.6153573980555
"BRCA1","T>A","Deletion",74.9892243847717
"EGFR","G>C","Deletion",15.4170742121059
"BRCA1","T>A","Deletion",58.8232164089568
"TP53","A>T","Substitution",31.1102428550366
"BRCA2","C>G","Deletion",58.9544173250906
"TP53","T>A","Deletion",30.642179277027
"BRCA2","C>G","Insertion",23.9696747222915
"BRCA1","C>G","Deletion",91.591875565704
"TP53","T>A","Insertion",83.1697153139394
"BRCA2","G>C","Insertion",32.3899356117472
"EGFR","A>T","Insertion",40.7947430713102
"TP53","T>A","Substitution",28.998165797675
"BRCA1","T>A","Deletion",34.372761226492
"BRCA1","A>T","Insertion",84.4773601901252
"BRCA2","A>T","Substitution",15.1540822247043
"BRCA1","T>A","Insertion",64.4485600020271
"TP53","A>T","Substitution",23.8721734092105
"EGFR","T>A","Insertion",44.5343502706382
"TP53","G>C","Deletion",97.3464174014516
"BRCA2","A>T","Deletion",10.7742516950238
"BRCA1","T>A","Insertion",88.3164280415513
"BRCA2","C>G","Substitution",32.1769368383102
"EGFR","G>C","Insertion",42.9624167622533
"BRCA1","C>G","Substitution",13.5836744804401
"BRCA1","G>C","Insertion",9.69786462746561
"BRCA2","A>T","Deletion",45.1101041256916
"BRCA1","G>C","Insertion",16.7049347499851
"EGFR","C>G","Substitution",11.7048231223598
"EGFR","T>A","Insertion",51.0615424870048
"BRCA1","A>T","Substitution",56.7154716660734
"TP53","C>G","Insertion",79.2814914099872
"TP53","G>C","Insertion",36.878726440249
"BRCA2","T>A","Insertion",41.9788329552393
"BRCA2","T>A","Insertion",86.8236199924722
"BRCA2","T>A","Substitution",82.7370271831751
"BRCA1","G>C","Substitution",60.1051566095557
"BRCA1","G>C","Insertion",23.17772857612
"EGFR","C>G","Substitution",77.4206392418128
"BRCA2","G>C","Insertion",81.3637998511549
"BRCA2","G>C","Substitution",10.8851094199345
"BRCA1","T>A","Insertion",15.692248985637
"BRCA2","T>A","Insertion",27.5455319087487
"BRCA2","G>C","Deletion",65.2988122215029
"BRCA1","A>T","Substitution",33.7016305061989
"EGFR","C>G","Substitution",47.5022092985455
"BRCA1","A>T","Insertion",48.5869165554177
"BRCA1","T>A","Insertion",97.3512675855309
"BRCA2","C>G","Deletion",60.4456907818094
"BRCA1","A>T","Substitution",91.9644239540212
"BRCA2","T>A","Insertion",65.9383062424604
"BRCA2","G>C","Insertion",52.2102193979081
"TP53","A>T","Insertion",41.0535710570402
"TP53","T>A","Deletion",77.557512774365
"TP53","A>T","Insertion",34.8015147745609
"BRCA2","C>G","Insertion",3.12286157021299
"BRCA2","T>A","Substitution",15.8830417401623
"BRCA1","G>C","Insertion",32.365845259279
"BRCA2","A>T","Insertion",62.6473996180575
"EGFR","T>A","Insertion",80.0454932276625
"BRCA2","T>A","Substitution",78.7640924947336
"EGFR","A>T","Deletion",13.2281552820932
"BRCA1","T>A","Deletion",16.3816179959103
"BRCA2","G>C","Deletion",66.8930669538677
"TP53","T>A","Insertion",10.328038609121
"TP53","C>G","Deletion",38.968393530231
"TP53","G>C","Insertion",2.40829570405185
"BRCA2","T>A","Substitution",58.416063972516
"TP53","C>G","Insertion",15.2163588390686
"BRCA2","G>C","Deletion",45.4168926174752
"TP53","A>T","Deletion",39.6115042250603
"TP53","T>A","Insertion",90.5238898012321
"BRCA1","G>C","Insertion",6.78466618619859
"BRCA1","C>G","Substitution",56.6942422164138
"BRCA2","T>A","Deletion",80.7515118827578
"BRCA2","A>T","Deletion",39.706408767961
"EGFR","T>A","Substitution",44.9943888406269
"BRCA1","C>G","Deletion",35.4283089926466
"EGFR","C>G","Deletion",99.8497075433843
"EGFR","A>T","Substitution",27.338341540657
"BRCA1","G>C","Substitution",56.9495542808436
"EGFR","A>T","Substitution",97.0628538180608
"BRCA1","A>T","Insertion",8.88928358862177
"TP53","A>T","Insertion",86.8708739858121
"TP53","G>C","Deletion",43.9950475250371
"BRCA1","C>G","Deletion",51.8998178741895
"BRCA1","C>G","Insertion",32.6502662191633
"BRCA1","T>A","Deletion",70.8218644785229
"BRCA1","A>T","Insertion",5.52690321439877
"TP53","G>C","Insertion",87.2984334856737
"TP53","G>C","Insertion",13.2404492856003
"EGFR","T>A","Insertion",82.6583250644617
"EGFR","A>T","Insertion",89.7451025955379
"EGFR","C>G","Deletion",89.7997255872469
"BRCA2","G>C","Deletion",75.1927512178663
"TP53","G>C","Insertion",76.3911381936632
"BRCA1","T>A","Deletion",86.5373780641239
"TP53","T>A","Substitution",71.1322811462451
"BRCA2","C>G","Insertion",58.8683176718187
"BRCA1","A>T","Insertion",23.8390782754868
"TP53","T>A","Deletion",12.2772380358074
"BRCA1","G>C","Deletion",41.2046549203806
"BRCA1","T>A","Substitution",15.5486615884583
"EGFR","C>G","Insertion",17.2149631225038
"TP53","T>A","Substitution",81.6238155232277
"BRCA2","T>A","Deletion",48.0693570261355
"TP53","C>G","Substitution",10.5374979961198
"BRCA2","A>T","Insertion",55.362582154572
"EGFR","T>A","Substitution",51.1625668900087
"BRCA2","C>G","Substitution",30.1532940540928
"EGFR","T>A","Deletion",9.64922782755457
"BRCA2","T>A","Insertion",64.8161379531957
"TP53","C>G","Deletion",85.3751159908716
"BRCA1","T>A","Insertion",58.4055582522415
"EGFR","T>A","Substitution",60.0202034057584
"BRCA2","A>T","Insertion",22.0249963453971
"TP53","G>C","Substitution",20.4840384556446
"BRCA1","T>A","Insertion",80.2206850307994
"BRCA2","A>T","Deletion",56.166761682136
"BRCA2","G>C","Deletion",1.6254999935627
"BRCA1","C>G","Deletion",23.7901520798914
"EGFR","T>A","Substitution",18.6309385651257
"BRCA2","T>A","Deletion",70.1452188976109
"EGFR","C>G","Insertion",52.3111951649189
"BRCA1","A>T","Deletion",57.101522305049
"BRCA2","G>C","Substitution",37.8774104323238
"EGFR","G>C","Deletion",62.9128328326624
"BRCA2","G>C","Substitution",86.0040247912984
"BRCA2","G>C","Insertion",93.4635036489926
"TP53","G>C","Deletion",31.8168024991173
"BRCA2","C>G","Substitution",29.4676559776999
"BRCA2","T>A","Substitution",75.3684894959442
"BRCA1","C>G","Deletion",28.7264580789488
"BRCA2","G>C","Insertion",78.3912168161478
"BRCA1","G>C","Deletion",94.8797000050545
"EGFR","C>G","Insertion",45.024152247468
"BRCA2","G>C","Substitution",63.1952824904583
"TP53","A>T","Substitution",5.83648338913918
"BRCA1","G>C","Deletion",12.6210451337975
"BRCA2","C>G","Deletion",44.7271855524741
"BRCA2","G>C","Deletion",24.7661208042409
"EGFR","T>A","Substitution",32.2573220620397
"BRCA1","A>T","Insertion",14.4080883560237
"TP53","C>G","Substitution",74.6192913681734
"BRCA1","G>C","Insertion",35.0641920110211
"TP53","C>G","Deletion",93.8370904042386
"BRCA1","T>A","Insertion",37.4751507076435
"TP53","A>T","Deletion",81.3973806763534
"EGFR","T>A","Deletion",55.7086172420532
"TP53","G>C","Substitution",24.9402537026908
"TP53","T>A","Deletion",37.1612608998548
"BRCA1","A>T","Deletion",90.1289107464254
"BRCA2","A>T","Insertion",47.6488485466689
"EGFR","G>C","Insertion",57.2020994874183
"EGFR","A>T","Deletion",93.812137166271
"TP53","A>T","Deletion",95.6932440819219
"BRCA2","A>T","Substitution",58.874219776364
"BRCA2","A>T","Deletion",95.6605465416797
"BRCA1","T>A","Deletion",88.2631303691305
"TP53","A>T","Insertion",79.9791465643793
"EGFR","G>C","Insertion",44.2032900440972
"TP53","G>C","Substitution",58.4626261822414
"BRCA1","A>T","Deletion",41.0558772790246
"BRCA2","C>G","Substitution",73.8838487900794
"BRCA1","C>G","Substitution",45.7049179885071
"EGFR","T>A","Substitution",85.2873128100764
"BRCA2","G>C","Insertion",1.22964101913385
"BRCA2","G>C","Substitution",73.735931498697
"TP53","T>A","Deletion",19.6758685407694
"BRCA1","C>G","Deletion",29.9031277929898
"EGFR","A>T","Substitution",98.7532742407639
"BRCA1","T>A","Substitution",73.0434679023456
"EGFR","C>G","Insertion",47.0519027907867
"TP53","C>G","Substitution",36.1857333108783
"BRCA1","A>T","Substitution",59.1477431850508
"BRCA2","A>T","Deletion",63.4559573300648
"EGFR","T>A","Deletion",21.6105329049751
"EGFR","C>G","Substitution",22.7547568564769
"EGFR","T>A","Insertion",28.2912713489495
"BRCA1","C>G","Substitution",36.3262446082663
"BRCA2","C>G","Deletion",59.0478717086371
"TP53","G>C","Insertion",59.5121136731468
"EGFR","C>G","Deletion",75.5054209076334
"BRCA2","A>T","Insertion",45.400660896441
"BRCA1","T>A","Deletion",4.93435922334902
"BRCA2","G>C","Deletion",96.4289899088908
"BRCA2","C>G","Insertion",70.4159021256492
"EGFR","G>C","Deletion",38.5949773236644
"EGFR","A>T","Insertion",47.6403096567374
"EGFR","T>A","Substitution",19.8346292153001
"BRCA1","A>T","Deletion",33.852075670613
"BRCA2","A>T","Insertion",87.9388474184088
"EGFR","C>G","Deletion",88.6414755915757
"TP53","C>G","Deletion",83.0011369225103
"EGFR","T>A","Insertion",70.4411312518641
"TP53","A>T","Deletion",76.4636678516399
"EGFR","G>C","Deletion",22.7292043124326
"BRCA2","G>C","Substitution",87.2544928020798
"BRCA1","C>G","Insertion",52.486437194515
"EGFR","T>A","Deletion",96.5556860025972
"BRCA2","C>G","Insertion",42.981098607881
"TP53","C>G","Insertion",96.4755143623333
"BRCA2","A>T","Substitution",35.7171298733447
"BRCA2","G>C","Insertion",93.4322211164981
"TP53","A>T","Insertion",71.137297868263
"EGFR","T>A","Deletion",55.182263933355
"BRCA2","G>C","Substitution",90.7272283600178
"BRCA1","C>G","Substitution",25.824195221765
"BRCA2","C>G","Deletion",58.732041854877
"BRCA2","A>T","Insertion",42.7214724847581
"EGFR","C>G","Deletion",74.8573028261308
"BRCA1","A>T","Substitution",57.3890549542848
"BRCA2","C>G","Substitution",5.47032240498811
"EGFR","G>C","Deletion",40.3870684318244
"BRCA2","A>T","Insertion",56.7929934745189
"BRCA2","A>T","Insertion",64.6106276935898
"BRCA1","C>G","Deletion",89.9777415972203
"EGFR","G>C","Deletion",83.2475676166359
"EGFR","T>A","Deletion",9.21177961607464
"EGFR","G>C","Deletion",8.48897319915704
"BRCA2","T>A","Insertion",1.640061840415
"TP53","T>A","Substitution",96.8459161054343
"BRCA2","A>T","Substitution",93.8961267780978
"TP53","G>C","Insertion",75.1443245438859
"EGFR","C>G","Deletion",7.09584791422822
"TP53","T>A","Deletion",48.4219779802952
"BRCA1","G>C","Insertion",48.722671022173
"TP53","A>T","Deletion",73.8482477501966
"BRCA1","A>T","Deletion",15.4042315208353
"TP53","C>G","Insertion",73.7238035260234
"BRCA2","A>T","Substitution",29.7873678596225
"TP53","T>A","Insertion",54.8599410592578
"BRCA1","T>A","Deletion",84.0525546399876
"TP53","C>G","Deletion",14.7212018319406
"TP53","A>T","Deletion",24.1348239304498
"TP53","A>T","Substitution",87.9864900386892
"BRCA2","A>T","Deletion",32.9612827231176
"EGFR","T>A","Insertion",20.8852335591801
"EGFR","G>C","Deletion",25.4219988391269
"BRCA2","T>A","Substitution",56.7483044189867
"EGFR","C>G","Deletion",31.7148582304362
"BRCA2","T>A","Deletion",89.4968544826843
"BRCA1","C>G","Deletion",92.8085387491155
"TP53","G>C","Substitution",92.2316911835223
"TP53","A>T","Substitution",85.476441038074
"TP53","T>A","Deletion",26.9532317661215
"EGFR","C>G","Substitution",13.7024580743164
"BRCA2","T>A","Substitution",24.062010132242
"TP53","T>A","Deletion",26.4705625227652
"BRCA1","T>A","Insertion",21.4164818385616
"TP53","T>A","Substitution",56.1333167150151
"BRCA1","T>A","Substitution",82.1509558821563
"BRCA1","G>C","Substitution",81.3906815408263
"TP53","A>T","Substitution",86.2666384782642
"EGFR","G>C","Insertion",43.5905584970023
"TP53","T>A","Deletion",24.9818733660504
"TP53","G>C","Substitution",14.3044413896278
"TP53","T>A","Insertion",5.43723275722004
"EGFR","A>T","Deletion",39.3081096727401
"BRCA2","A>T","Insertion",26.2287520635873
"TP53","C>G","Substitution",61.618960148422
"BRCA2","A>T","Insertion",6.10664932383224
"BRCA2","A>T","Insertion",67.911704703467
"TP53","T>A","Substitution",85.08426313987
"BRCA2","A>T","Substitution",14.599521768745
"TP53","T>A","Deletion",66.3599496232346
"TP53","G>C","Substitution",76.5444639688358
"BRCA2","C>G","Insertion",92.4031583685428
"TP53","A>T","Deletion",70.5336871603504
"BRCA2","T>A","Insertion",1.8747917287983
"EGFR","C>G","Insertion",19.2841883893125
"TP53","G>C","Substitution",99.7678640927188
"BRCA1","A>T","Substitution",20.0938534345478
"BRCA2","G>C","Deletion",31.3827104938682
"BRCA2","C>G","Substitution",6.19597896025516
"BRCA1","T>A","Substitution",83.9209856116213
"BRCA2","T>A","Deletion",72.5466469449457
"BRCA2","A>T","Insertion",89.6956912616733
"TP53","G>C","Insertion",57.971625293605
"EGFR","C>G","Deletion",41.1437376474496
"BRCA1","C>G","Substitution",81.3637387910858
"EGFR","C>G","Insertion",81.4737502266653
"BRCA1","C>G","Deletion",92.766559409909
"EGFR","G>C","Deletion",88.6336077400483
"BRCA1","G>C","Insertion",18.3014406142756
"BRCA1","T>A","Insertion",4.74443691479973
"BRCA2","G>C","Insertion",4.92072600126266
"BRCA2","A>T","Deletion",86.5724838005845
"BRCA1","A>T","Insertion",86.3954285935033
"BRCA1","C>G","Insertion",97.4970877205487
"EGFR","G>C","Deletion",53.4120599210728
"BRCA2","T>A","Insertion",97.9223539296072
"EGFR","A>T","Substitution",50.9883069617208
"BRCA1","T>A","Substitution",69.2157452146057
"TP53","C>G","Substitution",45.4505232542288
"BRCA2","T>A","Deletion",91.1158347167075
"BRCA1","G>C","Substitution",90.239678529324
"BRCA1","C>G","Deletion",56.6148772421293
"BRCA1","T>A","Deletion",41.0025756189134
"TP53","G>C","Substitution",61.1584943654016
"BRCA1","A>T","Insertion",65.8185902666301
"BRCA2","A>T","Deletion",73.9911510394886
"EGFR","C>G","Insertion",29.5003982584458
"BRCA2","A>T","Insertion",72.5057015239727
"BRCA1","C>G","Insertion",29.2302917933557
"BRCA1","C>G","Substitution",4.06931191170588
"EGFR","G>C","Substitution",35.7899587694556
"EGFR","C>G","Insertion",87.6518425042741
"BRCA2","A>T","Substitution",86.6652315331157
"EGFR","C>G","Insertion",7.54156152461655
"TP53","T>A","Insertion",16.2679929290898
"EGFR","A>T","Substitution",3.24734781496227
"EGFR","G>C","Substitution",16.18419237528
"BRCA2","C>G","Deletion",78.0065835821442
"BRCA1","G>C","Insertion",76.5891026826575
"BRCA2","C>G","Substitution",12.4110803012736
"BRCA1","C>G","Substitution",85.1960394626949
"EGFR","G>C","Insertion",36.1577728472184
